Noise_Level,h_grid,h_fast,Nh_grid,Nh_fast,MSE_grid,MSE_fast,iter_grid,iter_fast,Singal
10,29.6433646902701,35.3098227878308,27,23,0.525683090189378,0.555921937223995,7605,78,Lorantzian
10,7.10096565485242,21.8484171301712,134,44,5.11548402954349,8.97410753898985,9217,78,MRS
10,17.826949174402,34.6035174792491,83,43,2.55783167541281,3.29040986417731,14598,78,Pulse
10,617.282209430969,637.34357870099,43,42,191088.843970298,197072.952299757,268868,78,Linear3
10,166.879813365485,165.763777850679,7,7,0.114163259850201,0.115812590616175,12070,78,sin6
10,123.861674136117,121.065216124384,7,7,0.0852172697527167,0.0917449840381658,8815,78,sinc7
